"Horodateur","J'accepte de participer.","La gestion de la crise liée au coronavirus a été rendue possible grâce à la collaboration entre les milieux médicaux, scientifiques, publics et privés. Pensez-vous que dans les 5 prochaines années en France : [La communauté scientifique sera davantage consultée par le gouvernement.]","La gestion de la crise liée au coronavirus a été rendue possible grâce à la collaboration entre les milieux médicaux, scientifiques, publics et privés. Pensez-vous que dans les 5 prochaines années en France : [Les laboratoires publics auront plus de moyens.]","La gestion de la crise liée au coronavirus a été rendue possible grâce à la collaboration entre les milieux médicaux, scientifiques, publics et privés. Pensez-vous que dans les 5 prochaines années en France : [Le processus scientifique sera accéléré (demande de financements, réalisation d’étude, analyse, publication des résultats).]","La gestion de la crise liée au coronavirus a été rendue possible grâce à la collaboration entre les milieux médicaux, scientifiques, publics et privés. Pensez-vous que dans les 5 prochaines années en France : [Les laboratoires français pourront continuer de rivaliser avec les recherches issues des pays anglo-saxons.]","La gestion de la crise liée au coronavirus a été rendue possible grâce à la collaboration entre les milieux médicaux, scientifiques, publics et privés. Pensez-vous que dans les 5 prochaines années en France : [L’éducation à la culture scientifique sera plus développée dans l’éducation nationale.]","La gestion de la crise liée au coronavirus a été rendue possible grâce à la collaboration entre les milieux médicaux, scientifiques, publics et privés. Pensez-vous que dans les 5 prochaines années en France : [Les scientifiques seront plus présents dans le paysage public.]","Au vu de la situation en France pendant la crise du COVID-19, à quel degré êtes-vous en accord ou en désaccord avec les phrases suivantes : [Les décisions politiques sur la gestion de la crise se sont faites sur la base de preuves scientifiques.]","Au vu de la situation en France pendant la crise du COVID-19, à quel degré êtes-vous en accord ou en désaccord avec les phrases suivantes : [Les scientifiques se sont trop impliqués dans les politiques de santé.]","Au vu de la situation en France pendant la crise du COVID-19, à quel degré êtes-vous en accord ou en désaccord avec les phrases suivantes : [Les scientifiques ont maintenant les solutions pour ralentir la diffusion du virus.]","Au vu de la situation en France pendant la crise du COVID-19, à quel degré êtes-vous en accord ou en désaccord avec les phrases suivantes : [Les scientifiques ne comprennent pas encore le virus.]","Au vu de la situation en France pendant la crise du COVID-19, à quel degré êtes-vous en accord ou en désaccord avec les phrases suivantes : [Répondez ""4 - D'accord"" à cette question.]","Au vu de la situation en France pendant la crise du COVID-19, à quel degré êtes-vous en accord ou en désaccord avec les phrases suivantes : [Les scientifiques parviendront à fournir un vaccin permettant de combattre le coronavirus.]","Pour gérer la crise, les politiques se sont appuyés sur l'avis : [Des scientifiques]","Pour gérer la crise, les politiques se sont appuyés sur l'avis : [Des universités]","Pour gérer la crise, les politiques se sont appuyés sur l'avis : [Des associations et ONG]","Pour gérer la crise, les politiques se sont appuyés sur l'avis : [Des start-ups]","Pour gérer la crise, les politiques se sont appuyés sur l'avis : [Des citoyens]","Pour gérer la crise, les politiques se sont appuyés sur l'avis : [Des entreprises]","Pour gérer la crise, les politiques se sont appuyés sur l'avis : [Des pouvoirs publics]","J’ai suivi les débats relatifs à l’hydroxychloroquine"," [J’ai compris pourquoi l’usage de l’hydroxychloroquine est controversé]"," [J’ai su identifier les informations inexactes au cours de ces débats.]"," [J’ai trouvé ces débats utiles pour faire avancer la recherche sur le traitement.]"," [Les scientifiques ont su reconnaître les informations de mauvaise qualité liées au coronavirus]"," [J’ai une bonne connaissance globale du fonctionnement de la recherche scientifique.]"," [En tant qu’adulte, je vois l’intérêt d’avoir une compréhension de la méthode scientifique.]"," [Afin d’améliorer la qualité des débats, l’approche scientifique devrait être intégrée au parcours scolaire.]","Le processus scientifique consiste à :"," [Je connais et je peux expliquer avec mes propres mots les différences entre une théorie et une hypothèse.]"," [Je suis capable d’expliquer avec mes propres mots ce qu’est une étude contrôlée aléatoire en double aveugle.]","Année de naissance","Genre [Genre]","Le français est-il votre langue maternelle ?","Si non, depuis combien d’années pratiquez-vous le français ?","Votre résidence principale est-elle en France ?","Quel est votre secteur d’activité ?","Travaillez-vous ou avez-vous déjà travaillé dans le domaine médical / paramédical ?","Avez-vous (vous ou un membre de votre entourage) été contaminé par le coronavirus ?","Quel est votre dernier diplôme obtenu ?"
"2020/05/27 2:52:54 PM UTC+2","Oui","Pas d'accord","Pas d'accord","Pas d'accord","D'accord","Pas du tout d'accord","D'accord","4- D'accord","1- Pas du tout d'accord","5- Tout à fait d'accord","3- Ni en désaccord ni d'accord","4- D'accord","5- Tout à fait d'accord","4- D'accord","1- Pas du tout d'accord","2- Pas d'accord","1- Pas du tout d'accord","1- Pas du tout d'accord","4- D'accord","4- D'accord","Oui","3- Un peu","3- Un peu","2- Pas du tout","2- Pas du tout","4- D'accord","5- Tout à fait d'accord","5- Tout à fait d'accord","Formuler des hypothèses, opérationnaliser, faire un état de l’art, analyser, publier.","4- D'accord","4- D'accord","1993","Féminin","Oui","","Oui","Employés","Non","Non","Bac+3"
"2020/05/27 2:54:34 PM UTC+2","Oui","Pas d'accord","D'accord","D'accord","Pas d'accord","Ni en désaccord ni d'accord","D'accord","4- D'accord","2- Pas d'accord","5- Tout à fait d'accord","4- D'accord","4- D'accord","3- Ni en désaccord ni d'accord","4- D'accord","4- D'accord","1- Pas du tout d'accord","1- Pas du tout d'accord","2- Pas d'accord","4- D'accord","5- Tout à fait d'accord","Oui","4- Parfaitement","4- Parfaitement","4- Parfaitement","4- Parfaitement","4- D'accord","5- Tout à fait d'accord","4- D'accord","Faire un état de l’art, Formuler des hypothèses, opérationnaliser, analyser, publier.","5- Tout à fait d'accord","4- D'accord","1988","Masculin","Oui","","Oui","Cadres et professions intellectuelles supérieures","Oui","Non","Bac+3"
"2020/05/27 3:29:59 PM UTC+2","Oui","4 - D'accord","5 - Tout à fait d'accord","2 - Pas d'accord","4 - D'accord","1 - Pas du tout d'accord","4 - D'accord","4- D'accord","2- Pas d'accord","4- D'accord","4- D'accord","4- D'accord","5- Tout à fait d'accord","5- Tout à fait d'accord","4- D'accord","2- Pas d'accord","2- Pas d'accord","4- D'accord","5- Tout à fait d'accord","4- D'accord","Oui","4- Parfaitement","3- Un peu","4- Parfaitement","4- Parfaitement","4- D'accord","5- Tout à fait d'accord","5- Tout à fait d'accord","Faire un état de l’art, Formuler des hypothèses, opérationnaliser, analyser, publier.","5- Tout à fait d'accord","5- Tout à fait d'accord","1990","Masculin","Oui","","Oui","Cadres et professions intellectuelles supérieures","Non","Non","Bac+5"
"2020/05/27 5:28:07 PM UTC+2","Oui","4 - D'accord","4 - D'accord","5 - Tout à fait d'accord","5 - Tout à fait d'accord","4 - D'accord","4 - D'accord","3- Ni en désaccord ni d'accord","1- Pas du tout d'accord","3- Ni en désaccord ni d'accord","4- D'accord","4- D'accord","4- D'accord","4- D'accord","3- Ni en désaccord ni d'accord","2- Pas d'accord","2- Pas d'accord","2- Pas d'accord","4- D'accord","4- D'accord","Oui","4- Parfaitement","4- Parfaitement","3- Un peu","3- Un peu","3- Ni en désaccord ni d'accord","5- Tout à fait d'accord","5- Tout à fait d'accord","Faire un état de l’art, Formuler des hypothèses, opérationnaliser, analyser, publier.","1- Pas du tout d'accord","1- Pas du tout d'accord","1987","Féminin","Oui","","Oui","Employés","Oui","Non","BAC"
"2020/05/27 6:38:12 PM UTC+2","Oui","2 - Pas d'accord","2 - Pas d'accord","2 - Pas d'accord","2 - Pas d'accord","2 - Pas d'accord","3 - Ni en désaccord ni d'accord","2- Pas d'accord","2- Pas d'accord","2- Pas d'accord","4- D'accord","4- D'accord","3- Ni en désaccord ni d'accord","2- Pas d'accord","2- Pas d'accord","2- Pas d'accord","2- Pas d'accord","2- Pas d'accord","2- Pas d'accord","5- Tout à fait d'accord","Non","","","","","4- D'accord","5- Tout à fait d'accord","5- Tout à fait d'accord","Faire un état de l’art, Formuler des hypothèses, opérationnaliser, analyser, publier.","5- Tout à fait d'accord","1- Pas du tout d'accord","1991","Masculin","Oui","","Oui","Cadres et professions intellectuelles supérieures","Non","Non","Bac+5"
"2020/05/27 7:01:51 PM UTC+2","Oui","2 - Pas d'accord","2 - Pas d'accord","2 - Pas d'accord","3 - Ni en désaccord ni d'accord","2 - Pas d'accord","3 - Ni en désaccord ni d'accord","2- Pas d'accord","2- Pas d'accord","2- Pas d'accord","4- D'accord","4- D'accord","3- Ni en désaccord ni d'accord","3- Ni en désaccord ni d'accord","3- Ni en désaccord ni d'accord","3- Ni en désaccord ni d'accord","3- Ni en désaccord ni d'accord","2- Pas d'accord","2- Pas d'accord","4- D'accord","Oui","4- Parfaitement","3- Un peu","2- Pas du tout","2- Pas du tout","3- Ni en désaccord ni d'accord","4- D'accord","4- D'accord","Faire un état de l’art, Formuler des hypothèses, opérationnaliser, analyser, publier.","3- Ni en désaccord ni d'accord","5- Tout à fait d'accord","1980","Féminin","Oui","","Oui","Cadres et professions intellectuelles supérieures","Oui","Non","Bac +4"
"2020/05/27 7:16:21 PM UTC+2","Oui","3 - Ni en désaccord ni d'accord","2 - Pas d'accord","2 - Pas d'accord","3 - Ni en désaccord ni d'accord","3 - Ni en désaccord ni d'accord","3 - Ni en désaccord ni d'accord","2- Pas d'accord","2- Pas d'accord","4- D'accord","4- D'accord","4- D'accord","4- D'accord","3- Ni en désaccord ni d'accord","2- Pas d'accord","2- Pas d'accord","3- Ni en désaccord ni d'accord","2- Pas d'accord","4- D'accord","4- D'accord","Oui","3- Un peu","3- Un peu","4- Parfaitement","3- Un peu","1- Pas du tout d'accord","4- D'accord","3- Ni en désaccord ni d'accord","Faire un état de l’art, Formuler des hypothèses, opérationnaliser, analyser, publier.","3- Ni en désaccord ni d'accord","1- Pas du tout d'accord","1986","Féminin","Oui","","Oui","Cadres et professions intellectuelles supérieures","Non","Non","Bac+5"
"2020/05/27 9:05:45 PM UTC+2","Oui","3 - Ni en désaccord ni d'accord","2 - Pas d'accord","4 - D'accord","4 - D'accord","2 - Pas d'accord","3 - Ni en désaccord ni d'accord","3- Ni en désaccord ni d'accord","1- Pas du tout d'accord","5- Tout à fait d'accord","4- D'accord","4- D'accord","3- Ni en désaccord ni d'accord","4- D'accord","3- Ni en désaccord ni d'accord","3- Ni en désaccord ni d'accord","2- Pas d'accord","1- Pas du tout d'accord","4- D'accord","3- Ni en désaccord ni d'accord","Oui","4- Parfaitement","3- Un peu","2- Pas du tout","4- Parfaitement","4- D'accord","5- Tout à fait d'accord","5- Tout à fait d'accord","Faire un état de l’art, Formuler des hypothèses, opérationnaliser, analyser, publier.;Formuler des hypothèses, opérationnaliser, faire un état de l’art, analyser, publier.","5- Tout à fait d'accord","5- Tout à fait d'accord","1988","Féminin","Oui","","Oui","Cadres et professions intellectuelles supérieures","Oui","Non","Bac+3"
"2020/05/27 10:15:17 PM UTC+2","Oui","4 - D'accord","3 - Ni en désaccord ni d'accord","4 - D'accord","3 - Ni en désaccord ni d'accord","2 - Pas d'accord","4 - D'accord","5- Tout à fait d'accord","2- Pas d'accord","3- Ni en désaccord ni d'accord","4- D'accord","1- Pas du tout d'accord","5- Tout à fait d'accord","4- D'accord","4- D'accord","2- Pas d'accord","2- Pas d'accord","3- Ni en désaccord ni d'accord","2- Pas d'accord","4- D'accord","Non","","","","","4- D'accord","5- Tout à fait d'accord","5- Tout à fait d'accord","Faire un état de l’art, Formuler des hypothèses, opérationnaliser, analyser, publier.","5- Tout à fait d'accord","1- Pas du tout d'accord","1971","Féminin","Oui","","Oui","Cadres et professions intellectuelles supérieures","Non","Non","BAC +2"
"2020/05/27 11:06:03 PM UTC+2","Oui","2 - Pas d'accord","3 - Ni en désaccord ni d'accord","2 - Pas d'accord","3 - Ni en désaccord ni d'accord","2 - Pas d'accord","2 - Pas d'accord","2- Pas d'accord","2- Pas d'accord","3- Ni en désaccord ni d'accord","4- D'accord","4- D'accord","2- Pas d'accord","2- Pas d'accord","3- Ni en désaccord ni d'accord","3- Ni en désaccord ni d'accord","3- Ni en désaccord ni d'accord","2- Pas d'accord","2- Pas d'accord","3- Ni en désaccord ni d'accord","Oui","3- Un peu","3- Un peu","2- Pas du tout","2- Pas du tout","3- Ni en désaccord ni d'accord","4- D'accord","4- D'accord","Faire un état de l’art, Formuler des hypothèses, opérationnaliser, analyser, publier.","4- D'accord","5- Tout à fait d'accord","1980","Féminin","Oui","","Oui","Cadres et professions intellectuelles supérieures","Oui","Non","Bac +4"
"2020/05/28 9:14:48 AM UTC+2","Oui","2 - Pas d'accord","2 - Pas d'accord","2 - Pas d'accord","2 - Pas d'accord","2 - Pas d'accord","2 - Pas d'accord","2- Pas d'accord","4- D'accord","2- Pas d'accord","4- D'accord","4- D'accord","3- Ni en désaccord ni d'accord","3- Ni en désaccord ni d'accord","2- Pas d'accord","2- Pas d'accord","2- Pas d'accord","2- Pas d'accord","3- Ni en désaccord ni d'accord","2- Pas d'accord","Non","","","","","1- Pas du tout d'accord","3- Ni en désaccord ni d'accord","3- Ni en désaccord ni d'accord","Je ne sais pas","2- Pas d'accord","2- Pas d'accord","1066","Féminin","Oui","","Oui","Employés","Non","Non","CAP"
"2020/05/28 10:11:09 AM UTC+2","Oui","4 - D'accord","4 - D'accord","4 - D'accord","4 - D'accord","3 - Ni en désaccord ni d'accord","4 - D'accord","3- Ni en désaccord ni d'accord","3- Ni en désaccord ni d'accord","4- D'accord","3- Ni en désaccord ni d'accord","4- D'accord","4- D'accord","4- D'accord","2- Pas d'accord","3- Ni en désaccord ni d'accord","2- Pas d'accord","2- Pas d'accord","2- Pas d'accord","2- Pas d'accord","Oui","3- Un peu","2- Pas du tout","2- Pas du tout","1- Je ne m'y suis pas intéressé","2- Pas d'accord","3- Ni en désaccord ni d'accord","3- Ni en désaccord ni d'accord","Je ne sais pas","2- Pas d'accord","2- Pas d'accord","17 05 1970","Masculin","Oui","","Oui","Ouvriers","Non","Non","Brevet des collèges"
"2020/05/28 10:28:39 AM UTC+2","Oui","4 - D'accord","2 - Pas d'accord","4 - D'accord","4 - D'accord","2 - Pas d'accord","2 - Pas d'accord","3- Ni en désaccord ni d'accord","1- Pas du tout d'accord","3- Ni en désaccord ni d'accord","3- Ni en désaccord ni d'accord","4- D'accord","5- Tout à fait d'accord","5- Tout à fait d'accord","2- Pas d'accord","3- Ni en désaccord ni d'accord","2- Pas d'accord","3- Ni en désaccord ni d'accord","4- D'accord","4- D'accord","Oui","3- Un peu","3- Un peu","4- Parfaitement","3- Un peu","2- Pas d'accord","4- D'accord","5- Tout à fait d'accord","Faire un état de l’art, Formuler des hypothèses, opérationnaliser, analyser, publier.","4- D'accord","1- Pas du tout d'accord","1961","Masculin","Oui","59 ans","Oui","Employés","Non","Non","Bac +4"
"2020/05/28 10:44:10 AM UTC+2","Oui","2 - Pas d'accord","1 - Pas du tout d'accord","1 - Pas du tout d'accord","1 - Pas du tout d'accord","1 - Pas du tout d'accord","1 - Pas du tout d'accord","1- Pas du tout d'accord","3- Ni en désaccord ni d'accord","2- Pas d'accord","4- D'accord","4- D'accord","4- D'accord","4- D'accord","3- Ni en désaccord ni d'accord","3- Ni en désaccord ni d'accord","3- Ni en désaccord ni d'accord","3- Ni en désaccord ni d'accord","3- Ni en désaccord ni d'accord","3- Ni en désaccord ni d'accord","Oui","3- Un peu","4- Parfaitement","3- Un peu","3- Un peu","3- Ni en désaccord ni d'accord","4- D'accord","4- D'accord","Faire un état de l’art, Formuler des hypothèses, opérationnaliser, analyser, publier.;Formuler des hypothèses, opérationnaliser, faire un état de l’art, analyser, publier.;Analyser, faire un état de l’art, opérationnaliser, publier, formuler des hypothèses.;Analyser, opérationnaliser, faire un état de l’art, publier, formuler des hypothèses.","4- D'accord","3- Ni en désaccord ni d'accord","1958","Féminin","Oui","","Oui","Cadres et professions intellectuelles supérieures","Non","Oui","Bac+5"
"2020/05/28 11:27:10 AM UTC+2","Oui","2 - Pas d'accord","1 - Pas du tout d'accord","1 - Pas du tout d'accord","1 - Pas du tout d'accord","1 - Pas du tout d'accord","1 - Pas du tout d'accord","5- Tout à fait d'accord","4- D'accord","2- Pas d'accord","4- D'accord","4- D'accord","4- D'accord","5- Tout à fait d'accord","5- Tout à fait d'accord","5- Tout à fait d'accord","5- Tout à fait d'accord","5- Tout à fait d'accord","5- Tout à fait d'accord","5- Tout à fait d'accord","Oui","4- Parfaitement","2- Pas du tout","2- Pas du tout","2- Pas du tout","3- Ni en désaccord ni d'accord","5- Tout à fait d'accord","5- Tout à fait d'accord","Faire un état de l’art, Formuler des hypothèses, opérationnaliser, analyser, publier.","4- D'accord","4- D'accord","1979","Masculin","Oui","","Oui","Cadres et professions intellectuelles supérieures","Non","Non","Bac+5"
"2020/05/28 11:57:02 AM UTC+2","Oui","3 - Ni en désaccord ni d'accord","2 - Pas d'accord","2 - Pas d'accord","2 - Pas d'accord","2 - Pas d'accord","4 - D'accord","4- D'accord","2- Pas d'accord","2- Pas d'accord","4- D'accord","4- D'accord","4- D'accord","4- D'accord","3- Ni en désaccord ni d'accord","3- Ni en désaccord ni d'accord","2- Pas d'accord","2- Pas d'accord","4- D'accord","4- D'accord","Non","","","","","4- D'accord","4- D'accord","2- Pas d'accord","Faire un état de l’art, Formuler des hypothèses, opérationnaliser, analyser, publier.","4- D'accord","2- Pas d'accord","1986","Masculin","Oui","","Oui","Ouvriers","Non","Non","BAC +2"
"2020/05/28 12:45:53 PM UTC+2","Oui","3 - Ni en désaccord ni d'accord","2 - Pas d'accord","2 - Pas d'accord","2 - Pas d'accord","2 - Pas d'accord","2 - Pas d'accord","2- Pas d'accord","2- Pas d'accord","4- D'accord","5- Tout à fait d'accord","4- D'accord","3- Ni en désaccord ni d'accord","5- Tout à fait d'accord","3- Ni en désaccord ni d'accord","3- Ni en désaccord ni d'accord","1- Pas du tout d'accord","1- Pas du tout d'accord","1- Pas du tout d'accord","3- Ni en désaccord ni d'accord","Non","","","","","1- Pas du tout d'accord","5- Tout à fait d'accord","5- Tout à fait d'accord","Faire un état de l’art, Formuler des hypothèses, opérationnaliser, analyser, publier.","1- Pas du tout d'accord","1- Pas du tout d'accord","1968","Féminin","Oui","","Oui","Employés","Non","Oui","Bac+3"
"2020/05/28 1:41:50 PM UTC+2","Oui","4 - D'accord","3 - Ni en désaccord ni d'accord","2 - Pas d'accord","2 - Pas d'accord","3 - Ni en désaccord ni d'accord","2 - Pas d'accord","4- D'accord","4- D'accord","4- D'accord","4- D'accord","4- D'accord","3- Ni en désaccord ni d'accord","4- D'accord","3- Ni en désaccord ni d'accord","4- D'accord","2- Pas d'accord","3- Ni en désaccord ni d'accord","2- Pas d'accord","4- D'accord","Oui","4- Parfaitement","4- Parfaitement","2- Pas du tout","3- Un peu","4- D'accord","5- Tout à fait d'accord","5- Tout à fait d'accord","Faire un état de l’art, Formuler des hypothèses, opérationnaliser, analyser, publier.","4- D'accord","5- Tout à fait d'accord","1989","Féminin","Oui","","Oui","Cadres et professions intellectuelles supérieures","Oui","Non","Bac+8"
"2020/05/28 2:03:09 PM UTC+2","Oui","1 - Pas du tout d'accord","1 - Pas du tout d'accord","1 - Pas du tout d'accord","4 - D'accord","1 - Pas du tout d'accord","1 - Pas du tout d'accord","2- Pas d'accord","1- Pas du tout d'accord","5- Tout à fait d'accord","2- Pas d'accord","4- D'accord","4- D'accord","2- Pas d'accord","2- Pas d'accord","2- Pas d'accord","4- D'accord","1- Pas du tout d'accord","5- Tout à fait d'accord","4- D'accord","Oui","4- Parfaitement","3- Un peu","3- Un peu","4- Parfaitement","3- Ni en désaccord ni d'accord","5- Tout à fait d'accord","5- Tout à fait d'accord","Formuler des hypothèses, opérationnaliser, faire un état de l’art, analyser, publier.","2- Pas d'accord","1- Pas du tout d'accord","1993","Féminin","Oui","","Oui","Artisans, commerçants et chefs d'entreprise","Non","Non","BAC"
"2020/05/28 2:04:21 PM UTC+2","Oui","3 - Ni en désaccord ni d'accord","4 - D'accord","3 - Ni en désaccord ni d'accord","4 - D'accord","1 - Pas du tout d'accord","2 - Pas d'accord","2- Pas d'accord","2- Pas d'accord","3- Ni en désaccord ni d'accord","4- D'accord","2- Pas d'accord","4- D'accord","4- D'accord","1- Pas du tout d'accord","2- Pas d'accord","5- Tout à fait d'accord","1- Pas du tout d'accord","1- Pas du tout d'accord","1- Pas du tout d'accord","Oui","4- Parfaitement","3- Un peu","2- Pas du tout","2- Pas du tout","3- Ni en désaccord ni d'accord","4- D'accord","4- D'accord","Formuler des hypothèses, opérationnaliser, faire un état de l’art, analyser, publier.","4- D'accord","2- Pas d'accord","1965","Féminin","Oui","","Oui","Employés","Non","Oui","Bac+5"
"2020/05/28 2:18:48 PM UTC+2","Oui","2 - Pas d'accord","2 - Pas d'accord","3 - Ni en désaccord ni d'accord","3 - Ni en désaccord ni d'accord","4 - D'accord","4 - D'accord","2- Pas d'accord","2- Pas d'accord","3- Ni en désaccord ni d'accord","2- Pas d'accord","4- D'accord","4- D'accord","2- Pas d'accord","1- Pas du tout d'accord","1- Pas du tout d'accord","1- Pas du tout d'accord","2- Pas d'accord","4- D'accord","4- D'accord","Oui","4- Parfaitement","3- Un peu","2- Pas du tout","4- Parfaitement","5- Tout à fait d'accord","5- Tout à fait d'accord","5- Tout à fait d'accord","Faire un état de l’art, Formuler des hypothèses, opérationnaliser, analyser, publier.","5- Tout à fait d'accord","5- Tout à fait d'accord","1989","Masculin","Oui","","Oui","Cadres et professions intellectuelles supérieures","Oui","Non","Bac+8"
"2020/05/28 2:23:38 PM UTC+2","Oui","4 - D'accord","3 - Ni en désaccord ni d'accord","3 - Ni en désaccord ni d'accord","4 - D'accord","4 - D'accord","3 - Ni en désaccord ni d'accord","2- Pas d'accord","3- Ni en désaccord ni d'accord","3- Ni en désaccord ni d'accord","4- D'accord","4- D'accord","4- D'accord","3- Ni en désaccord ni d'accord","2- Pas d'accord","2- Pas d'accord","1- Pas du tout d'accord","1- Pas du tout d'accord","4- D'accord","4- D'accord","Oui","3- Un peu","3- Un peu","3- Un peu","3- Un peu","2- Pas d'accord","4- D'accord","5- Tout à fait d'accord","Analyser, opérationnaliser, faire un état de l’art, publier, formuler des hypothèses.","4- D'accord","2- Pas d'accord","1993","Féminin","Oui","","Oui","Artisans, commerçants et chefs d'entreprise","Non","","Bac+3"
"2020/05/28 2:28:56 PM UTC+2","Oui","4 - D'accord","3 - Ni en désaccord ni d'accord","4 - D'accord","4 - D'accord","3 - Ni en désaccord ni d'accord","3 - Ni en désaccord ni d'accord","3- Ni en désaccord ni d'accord","1- Pas du tout d'accord","1- Pas du tout d'accord","5- Tout à fait d'accord","4- D'accord","3- Ni en désaccord ni d'accord","4- D'accord","2- Pas d'accord","2- Pas d'accord","2- Pas d'accord","2- Pas d'accord","2- Pas d'accord","4- D'accord","Oui","1- Je ne m'y suis pas intéressé","3- Un peu","3- Un peu","3- Un peu","2- Pas d'accord","5- Tout à fait d'accord","5- Tout à fait d'accord","Faire un état de l’art, Formuler des hypothèses, opérationnaliser, analyser, publier.","4- D'accord","1- Pas du tout d'accord","1988","Féminin","Oui","","Oui","Employés","Non","Non","BAC +2"
"2020/05/28 2:37:10 PM UTC+2","Oui","2 - Pas d'accord","2 - Pas d'accord","2 - Pas d'accord","3 - Ni en désaccord ni d'accord","2 - Pas d'accord","2 - Pas d'accord","3- Ni en désaccord ni d'accord","2- Pas d'accord","2- Pas d'accord","4- D'accord","4- D'accord","3- Ni en désaccord ni d'accord","3- Ni en désaccord ni d'accord","3- Ni en désaccord ni d'accord","3- Ni en désaccord ni d'accord","3- Ni en désaccord ni d'accord","3- Ni en désaccord ni d'accord","4- D'accord","4- D'accord","Non","","","","","2- Pas d'accord","4- D'accord","5- Tout à fait d'accord","Je ne sais pas","1- Pas du tout d'accord","1- Pas du tout d'accord","1991","Féminin","Oui","","Oui","Employés","Non","Oui","Bac+5"
"2020/05/28 2:43:55 PM UTC+2","Oui","4 - D'accord","2 - Pas d'accord","4 - D'accord","3 - Ni en désaccord ni d'accord","4 - D'accord","3 - Ni en désaccord ni d'accord","2- Pas d'accord","2- Pas d'accord","3- Ni en désaccord ni d'accord","4- D'accord","4- D'accord","3- Ni en désaccord ni d'accord","3- Ni en désaccord ni d'accord","3- Ni en désaccord ni d'accord","1- Pas du tout d'accord","4- D'accord","3- Ni en désaccord ni d'accord","4- D'accord","5- Tout à fait d'accord","Non","","","","","2- Pas d'accord","4- D'accord","4- D'accord","Analyser, faire un état de l’art, opérationnaliser, publier, formuler des hypothèses.","4- D'accord","2- Pas d'accord","1990","Féminin","Oui;Non","","Oui","Sans activité professionnelle","Oui","Non","Bac+3"
"2020/05/28 3:04:23 PM UTC+2","Oui","4 - D'accord","4 - D'accord","4 - D'accord","2 - Pas d'accord","2 - Pas d'accord","2 - Pas d'accord","1- Pas du tout d'accord","1- Pas du tout d'accord","3- Ni en désaccord ni d'accord","4- D'accord","4- D'accord","3- Ni en désaccord ni d'accord","2- Pas d'accord","2- Pas d'accord","2- Pas d'accord","2- Pas d'accord","2- Pas d'accord","2- Pas d'accord","4- D'accord","Non","","","","","3- Ni en désaccord ni d'accord","4- D'accord","5- Tout à fait d'accord","Je ne sais pas","2- Pas d'accord","4- D'accord","1972","Masculin","Oui","","Oui","Professions Intermédiaires","Non","Non","BAC +2"
"2020/05/28 3:41:16 PM UTC+2","Oui","4 - D'accord","3 - Ni en désaccord ni d'accord","3 - Ni en désaccord ni d'accord","2 - Pas d'accord","4 - D'accord","4 - D'accord","4- D'accord","2- Pas d'accord","4- D'accord","4- D'accord","4- D'accord","4- D'accord","4- D'accord","3- Ni en désaccord ni d'accord","2- Pas d'accord","2- Pas d'accord","2- Pas d'accord","4- D'accord","4- D'accord","Non","","","","","4- D'accord","4- D'accord","5- Tout à fait d'accord","Faire un état de l’art, Formuler des hypothèses, opérationnaliser, analyser, publier.","3- Ni en désaccord ni d'accord","4- D'accord","1990","Féminin","Oui","","Oui","Cadres et professions intellectuelles supérieures","Non","Non","Bac+5"
"2020/05/28 4:34:04 PM UTC+2","Oui","4 - D'accord","3 - Ni en désaccord ni d'accord","4 - D'accord","4 - D'accord","5 - Tout à fait d'accord","5 - Tout à fait d'accord","4- D'accord","2- Pas d'accord","5- Tout à fait d'accord","3- Ni en désaccord ni d'accord","4- D'accord","5- Tout à fait d'accord","4- D'accord","3- Ni en désaccord ni d'accord","3- Ni en désaccord ni d'accord","3- Ni en désaccord ni d'accord","4- D'accord","4- D'accord","4- D'accord","Non","","","","","3- Ni en désaccord ni d'accord","4- D'accord","4- D'accord","Faire un état de l’art, Formuler des hypothèses, opérationnaliser, analyser, publier.","3- Ni en désaccord ni d'accord","3- Ni en désaccord ni d'accord","1959","Féminin","Oui","","Oui","Professions Intermédiaires","Oui","Non","BAC +2"
"2020/05/28 4:51:33 PM UTC+2","Oui","2 - Pas d'accord","4 - D'accord","2 - Pas d'accord","2 - Pas d'accord","2 - Pas d'accord","2 - Pas d'accord","1- Pas du tout d'accord","2- Pas d'accord","3- Ni en désaccord ni d'accord","3- Ni en désaccord ni d'accord","4- D'accord","4- D'accord","2- Pas d'accord","2- Pas d'accord","2- Pas d'accord","4- D'accord","1- Pas du tout d'accord","4- D'accord","4- D'accord","Oui","3- Un peu","2- Pas du tout","3- Un peu","2- Pas du tout","2- Pas d'accord","4- D'accord","4- D'accord","Formuler des hypothèses, opérationnaliser, faire un état de l’art, analyser, publier.","2- Pas d'accord","1- Pas du tout d'accord","1999","Féminin","Oui","","Oui","Professions Intermédiaires","Non","Non","BAC +2"
"2020/05/28 5:46:32 PM UTC+2","Oui","1 - Pas du tout d'accord","1 - Pas du tout d'accord","1 - Pas du tout d'accord","5 - Tout à fait d'accord","1 - Pas du tout d'accord","1 - Pas du tout d'accord","2- Pas d'accord","1- Pas du tout d'accord","3- Ni en désaccord ni d'accord","5- Tout à fait d'accord","3- Ni en désaccord ni d'accord","3- Ni en désaccord ni d'accord","2- Pas d'accord","2- Pas d'accord","2- Pas d'accord","2- Pas d'accord","2- Pas d'accord","2- Pas d'accord","2- Pas d'accord","Non","","","","","1- Pas du tout d'accord","4- D'accord","5- Tout à fait d'accord","Je ne sais pas","4- D'accord","1- Pas du tout d'accord","1991","Féminin","Oui","","Oui","Employés","Non","Non","Bac+3"
"2020/05/28 6:00:50 PM UTC+2","Oui","4 - D'accord","2 - Pas d'accord","2 - Pas d'accord","2 - Pas d'accord","3 - Ni en désaccord ni d'accord","4 - D'accord","4- D'accord","4- D'accord","3- Ni en désaccord ni d'accord","4- D'accord","4- D'accord","4- D'accord","4- D'accord","3- Ni en désaccord ni d'accord","3- Ni en désaccord ni d'accord","4- D'accord","2- Pas d'accord","4- D'accord","5- Tout à fait d'accord","Oui","4- Parfaitement","4- Parfaitement","2- Pas du tout","4- Parfaitement","4- D'accord","4- D'accord","5- Tout à fait d'accord","Faire un état de l’art, Formuler des hypothèses, opérationnaliser, analyser, publier.","2- Pas d'accord","2- Pas d'accord","1986","Masculin","Oui","","Oui","Cadres et professions intellectuelles supérieures","Non","Oui","Bac+3"
"2020/05/28 6:22:48 PM UTC+2","Oui","1 - Pas du tout d'accord","1 - Pas du tout d'accord","1 - Pas du tout d'accord","1 - Pas du tout d'accord","1 - Pas du tout d'accord","1 - Pas du tout d'accord","1- Pas du tout d'accord","1- Pas du tout d'accord","3- Ni en désaccord ni d'accord","5- Tout à fait d'accord","1- Pas du tout d'accord","3- Ni en désaccord ni d'accord","2- Pas d'accord","2- Pas d'accord","2- Pas d'accord","4- D'accord","2- Pas d'accord","4- D'accord","2- Pas d'accord","Non","","","","","3- Ni en désaccord ni d'accord","5- Tout à fait d'accord","5- Tout à fait d'accord","Formuler des hypothèses, opérationnaliser, faire un état de l’art, analyser, publier.","4- D'accord","2- Pas d'accord","1985","Masculin","Oui","","Oui","Sans activité professionnelle","Non","Oui","BAC"
"2020/05/28 6:32:45 PM UTC+2","Oui","4 - D'accord","2 - Pas d'accord","2 - Pas d'accord","4 - D'accord","2 - Pas d'accord","4 - D'accord","4- D'accord","2- Pas d'accord","5- Tout à fait d'accord","2- Pas d'accord","4- D'accord","5- Tout à fait d'accord","4- D'accord","1- Pas du tout d'accord","4- D'accord","1- Pas du tout d'accord","2- Pas d'accord","5- Tout à fait d'accord","5- Tout à fait d'accord","Oui","3- Un peu","3- Un peu","2- Pas du tout","3- Un peu","4- D'accord","4- D'accord","4- D'accord","Formuler des hypothèses, opérationnaliser, faire un état de l’art, analyser, publier.","5- Tout à fait d'accord","5- Tout à fait d'accord","1993","Féminin","Oui","","Oui","Employés","Non","Non","Bac+3"
"2020/05/28 6:46:39 PM UTC+2","Oui","4 - D'accord","2 - Pas d'accord","2 - Pas d'accord","3 - Ni en désaccord ni d'accord","2 - Pas d'accord","2 - Pas d'accord","1- Pas du tout d'accord","4- D'accord","3- Ni en désaccord ni d'accord","2- Pas d'accord","2- Pas d'accord","3- Ni en désaccord ni d'accord","3- Ni en désaccord ni d'accord","2- Pas d'accord","2- Pas d'accord","1- Pas du tout d'accord","1- Pas du tout d'accord","1- Pas du tout d'accord","2- Pas d'accord","Oui","2- Pas du tout","4- Parfaitement","2- Pas du tout","2- Pas du tout","3- Ni en désaccord ni d'accord","3- Ni en désaccord ni d'accord","3- Ni en désaccord ni d'accord","Formuler des hypothèses, opérationnaliser, faire un état de l’art, analyser, publier.","2- Pas d'accord","2- Pas d'accord","1983","Féminin","Oui","","Oui","Employés","Non","Non","BAC"
"2020/05/28 7:30:28 PM UTC+2","Oui","4 - D'accord","4 - D'accord","4 - D'accord","3 - Ni en désaccord ni d'accord","4 - D'accord","5 - Tout à fait d'accord","3- Ni en désaccord ni d'accord","2- Pas d'accord","1- Pas du tout d'accord","4- D'accord","4- D'accord","4- D'accord","4- D'accord","3- Ni en désaccord ni d'accord","2- Pas d'accord","2- Pas d'accord","2- Pas d'accord","2- Pas d'accord","3- Ni en désaccord ni d'accord","Oui","4- Parfaitement","3- Un peu","2- Pas du tout","3- Un peu","4- D'accord","5- Tout à fait d'accord","5- Tout à fait d'accord","Faire un état de l’art, Formuler des hypothèses, opérationnaliser, analyser, publier.","5- Tout à fait d'accord","5- Tout à fait d'accord","1973","Masculin","Oui","","Oui","Cadres et professions intellectuelles supérieures","Oui","Non","Bac+5"
"2020/05/28 8:09:03 PM UTC+2","Oui","4 - D'accord","4 - D'accord","4 - D'accord","4 - D'accord","4 - D'accord","4 - D'accord","4- D'accord","3- Ni en désaccord ni d'accord","4- D'accord","2- Pas d'accord","4- D'accord","4- D'accord","4- D'accord","3- Ni en désaccord ni d'accord","3- Ni en désaccord ni d'accord","3- Ni en désaccord ni d'accord","3- Ni en désaccord ni d'accord","3- Ni en désaccord ni d'accord","3- Ni en désaccord ni d'accord","Oui","3- Un peu","4- Parfaitement","3- Un peu","3- Un peu","3- Ni en désaccord ni d'accord","4- D'accord","4- D'accord","Formuler des hypothèses, opérationnaliser, faire un état de l’art, analyser, publier.","3- Ni en désaccord ni d'accord","1- Pas du tout d'accord","1987","Féminin","Oui","","Oui","Employés","Non","Non","BAC +2"
"2020/05/28 8:51:38 PM UTC+2","Oui","3 - Ni en désaccord ni d'accord","2 - Pas d'accord","2 - Pas d'accord","2 - Pas d'accord","2 - Pas d'accord","3 - Ni en désaccord ni d'accord","2- Pas d'accord","2- Pas d'accord","4- D'accord","4- D'accord","3- Ni en désaccord ni d'accord","3- Ni en désaccord ni d'accord","3- Ni en désaccord ni d'accord","2- Pas d'accord","2- Pas d'accord","2- Pas d'accord","3- Ni en désaccord ni d'accord","4- D'accord","4- D'accord","Non","","","","","4- D'accord","5- Tout à fait d'accord","5- Tout à fait d'accord","Faire un état de l’art, Formuler des hypothèses, opérationnaliser, analyser, publier.","4- D'accord","2- Pas d'accord","1988","Féminin","Oui","","Oui","Sans activité professionnelle","Non","Non","Bac+5"
"2020/05/28 9:41:53 PM UTC+2","Oui","5 - Tout à fait d'accord","4 - D'accord","4 - D'accord","2 - Pas d'accord","2 - Pas d'accord","4 - D'accord","4- D'accord","2- Pas d'accord","4- D'accord","3- Ni en désaccord ni d'accord","4- D'accord","4- D'accord","5- Tout à fait d'accord","4- D'accord","4- D'accord","2- Pas d'accord","2- Pas d'accord","2- Pas d'accord","2- Pas d'accord","Oui","3- Un peu","3- Un peu","2- Pas du tout","3- Un peu","4- D'accord","5- Tout à fait d'accord","5- Tout à fait d'accord","Formuler des hypothèses, opérationnaliser, faire un état de l’art, analyser, publier.","4- D'accord","3- Ni en désaccord ni d'accord","1992","Féminin","Oui","","Oui","Employés","Non","Non","Bac +4"
"2020/05/28 9:50:33 PM UTC+2","Oui","3 - Ni en désaccord ni d'accord","3 - Ni en désaccord ni d'accord","4 - D'accord","3 - Ni en désaccord ni d'accord","4 - D'accord","4 - D'accord","4- D'accord","3- Ni en désaccord ni d'accord","2- Pas d'accord","4- D'accord","4- D'accord","4- D'accord","4- D'accord","2- Pas d'accord","2- Pas d'accord","2- Pas d'accord","2- Pas d'accord","2- Pas d'accord","4- D'accord","Non","","","","","1- Pas du tout d'accord","4- D'accord","3- Ni en désaccord ni d'accord","Faire un état de l’art, Formuler des hypothèses, opérationnaliser, analyser, publier.","4- D'accord","1- Pas du tout d'accord","2996","Féminin","Oui","","Oui","Employés","Non","Non","Bac+3"
"2020/05/28 10:59:30 PM UTC+2","Oui","4 - D'accord","3 - Ni en désaccord ni d'accord","4 - D'accord","4 - D'accord","3 - Ni en désaccord ni d'accord","4 - D'accord","4- D'accord","2- Pas d'accord","2- Pas d'accord","2- Pas d'accord","4- D'accord","3- Ni en désaccord ni d'accord","5- Tout à fait d'accord","2- Pas d'accord","2- Pas d'accord","2- Pas d'accord","2- Pas d'accord","2- Pas d'accord","2- Pas d'accord","Oui","4- Parfaitement","4- Parfaitement","4- Parfaitement","4- Parfaitement","2- Pas d'accord","4- D'accord","4- D'accord","Faire un état de l’art, Formuler des hypothèses, opérationnaliser, analyser, publier.","5- Tout à fait d'accord","5- Tout à fait d'accord","1957","Féminin","Oui","","Oui","Cadres et professions intellectuelles supérieures","Oui","Non","Bac+8"
"2020/05/28 11:25:03 PM UTC+2","Oui","4 - D'accord","2 - Pas d'accord","2 - Pas d'accord","4 - D'accord","3 - Ni en désaccord ni d'accord","3 - Ni en désaccord ni d'accord","4- D'accord","2- Pas d'accord","2- Pas d'accord","4- D'accord","4- D'accord","3- Ni en désaccord ni d'accord","4- D'accord","3- Ni en désaccord ni d'accord","3- Ni en désaccord ni d'accord","3- Ni en désaccord ni d'accord","4- D'accord","4- D'accord","5- Tout à fait d'accord","Oui","3- Un peu","2- Pas du tout","4- Parfaitement","3- Un peu","2- Pas d'accord","4- D'accord","3- Ni en désaccord ni d'accord","Faire un état de l’art, Formuler des hypothèses, opérationnaliser, analyser, publier.;Je ne sais pas","4- D'accord","1- Pas du tout d'accord","1990","Féminin","Oui","","Oui","Cadres et professions intellectuelles supérieures","Non","Oui","Bac+5"
"2020/05/29 7:29:30 PM UTC+2","Oui","2 - Pas d'accord","1 - Pas du tout d'accord","1 - Pas du tout d'accord","4 - D'accord","1 - Pas du tout d'accord","1 - Pas du tout d'accord","2- Pas d'accord","1- Pas du tout d'accord","4- D'accord","4- D'accord","1- Pas du tout d'accord","4- D'accord","4- D'accord","2- Pas d'accord","2- Pas d'accord","2- Pas d'accord","2- Pas d'accord","4- D'accord","2- Pas d'accord","Oui","4- Parfaitement","4- Parfaitement","2- Pas du tout","2- Pas du tout","4- D'accord","5- Tout à fait d'accord","5- Tout à fait d'accord","Faire un état de l’art, Formuler des hypothèses, opérationnaliser, analyser, publier.","4- D'accord","5- Tout à fait d'accord","1995","Masculin","Oui","","Oui","Cadres et professions intellectuelles supérieures","Non","Non","Bac+5"
"2020/05/30 12:32:37 AM UTC+2","Oui","2 - Pas d'accord","1 - Pas du tout d'accord","2 - Pas d'accord","5 - Tout à fait d'accord","1 - Pas du tout d'accord","2 - Pas d'accord","4- D'accord","1- Pas du tout d'accord","2- Pas d'accord","4- D'accord","4- D'accord","3- Ni en désaccord ni d'accord","4- D'accord","4- D'accord","3- Ni en désaccord ni d'accord","3- Ni en désaccord ni d'accord","4- D'accord","4- D'accord","3- Ni en désaccord ni d'accord","Oui","3- Un peu","4- Parfaitement","4- Parfaitement","4- Parfaitement","4- D'accord","5- Tout à fait d'accord","5- Tout à fait d'accord","Faire un état de l’art, Formuler des hypothèses, opérationnaliser, analyser, publier.","5- Tout à fait d'accord","1- Pas du tout d'accord","1994","Masculin","Oui","","Oui","Sans activité professionnelle","Non","Non","Bac+3"
"2020/05/30 10:27:39 AM UTC+2","Oui","4 - D'accord","4 - D'accord","4 - D'accord","3 - Ni en désaccord ni d'accord","2 - Pas d'accord","1 - Pas du tout d'accord","3- Ni en désaccord ni d'accord","2- Pas d'accord","2- Pas d'accord","4- D'accord","3- Ni en désaccord ni d'accord","4- D'accord","3- Ni en désaccord ni d'accord","3- Ni en désaccord ni d'accord","3- Ni en désaccord ni d'accord","3- Ni en désaccord ni d'accord","3- Ni en désaccord ni d'accord","3- Ni en désaccord ni d'accord","3- Ni en désaccord ni d'accord","Non","","","","","2- Pas d'accord","3- Ni en désaccord ni d'accord","4- D'accord","Je ne sais pas","3- Ni en désaccord ni d'accord","3- Ni en désaccord ni d'accord","1999","Féminin","Oui","","Oui","Employés","Non","Non","Bac+3"
"2020/05/30 2:25:54 PM UTC+2","Oui","3 - Ni en désaccord ni d'accord","2 - Pas d'accord","4 - D'accord","3 - Ni en désaccord ni d'accord","4 - D'accord","3 - Ni en désaccord ni d'accord","4- D'accord","3- Ni en désaccord ni d'accord","3- Ni en désaccord ni d'accord","1- Pas du tout d'accord","4- D'accord","5- Tout à fait d'accord","3- Ni en désaccord ni d'accord","1- Pas du tout d'accord","1- Pas du tout d'accord","1- Pas du tout d'accord","1- Pas du tout d'accord","1- Pas du tout d'accord","3- Ni en désaccord ni d'accord","Oui","3- Un peu","3- Un peu","4- Parfaitement","4- Parfaitement","3- Ni en désaccord ni d'accord","5- Tout à fait d'accord","5- Tout à fait d'accord","Je ne sais pas","4- D'accord","2- Pas d'accord","1961","Féminin","Oui","","Oui","Professions Intermédiaires","Non","Non","BAC +2"
"2020/05/30 2:40:03 PM UTC+2","Oui","4 - D'accord","4 - D'accord","2 - Pas d'accord","4 - D'accord","2 - Pas d'accord","4 - D'accord","4- D'accord","2- Pas d'accord","4- D'accord","2- Pas d'accord","4- D'accord","4- D'accord","4- D'accord","1- Pas du tout d'accord","1- Pas du tout d'accord","1- Pas du tout d'accord","3- Ni en désaccord ni d'accord","1- Pas du tout d'accord","4- D'accord","Oui","4- Parfaitement","2- Pas du tout","2- Pas du tout","3- Un peu","1- Pas du tout d'accord","4- D'accord","4- D'accord","Formuler des hypothèses, opérationnaliser, faire un état de l’art, analyser, publier.","2- Pas d'accord","1- Pas du tout d'accord","1959","Masculin","Oui","","Oui","Retraités","Non","Non","CAP"
"2020/05/30 4:10:06 PM UTC+2","Oui","4 - D'accord","5 - Tout à fait d'accord","4 - D'accord","3 - Ni en désaccord ni d'accord","5 - Tout à fait d'accord","5 - Tout à fait d'accord","4- D'accord","3- Ni en désaccord ni d'accord","2- Pas d'accord","3- Ni en désaccord ni d'accord","4- D'accord","4- D'accord","4- D'accord","2- Pas d'accord","5- Tout à fait d'accord","2- Pas d'accord","2- Pas d'accord","2- Pas d'accord","3- Ni en désaccord ni d'accord","Non","","","","","2- Pas d'accord","4- D'accord","3- Ni en désaccord ni d'accord","Faire un état de l’art, Formuler des hypothèses, opérationnaliser, analyser, publier.","2- Pas d'accord","4- D'accord","1998","Féminin","Oui","","Oui","Employés","Non","Non","Bac+3"
"2020/05/30 10:02:02 PM UTC+2","Oui","4 - D'accord","2 - Pas d'accord","2 - Pas d'accord","4 - D'accord","2 - Pas d'accord","4 - D'accord","3- Ni en désaccord ni d'accord","2- Pas d'accord","4- D'accord","5- Tout à fait d'accord","4- D'accord","5- Tout à fait d'accord","4- D'accord","2- Pas d'accord","4- D'accord","2- Pas d'accord","2- Pas d'accord","2- Pas d'accord","4- D'accord","Oui","4- Parfaitement","3- Un peu","2- Pas du tout","3- Un peu","4- D'accord","4- D'accord","5- Tout à fait d'accord","Faire un état de l’art, Formuler des hypothèses, opérationnaliser, analyser, publier.","4- D'accord","1- Pas du tout d'accord","1994","Féminin","Oui","","Oui","Sans activité professionnelle","Non","Non","Bac+3"
"2020/05/31 12:03:11 AM UTC+2","Oui","3 - Ni en désaccord ni d'accord","3 - Ni en désaccord ni d'accord","4 - D'accord","3 - Ni en désaccord ni d'accord","4 - D'accord","4 - D'accord","4- D'accord","3- Ni en désaccord ni d'accord","2- Pas d'accord","4- D'accord","4- D'accord","4- D'accord","4- D'accord","2- Pas d'accord","2- Pas d'accord","2- Pas d'accord","2- Pas d'accord","2- Pas d'accord","4- D'accord","Non","","","","","1- Pas du tout d'accord","4- D'accord","3- Ni en désaccord ni d'accord","Faire un état de l’art, Formuler des hypothèses, opérationnaliser, analyser, publier.","4- D'accord","1- Pas du tout d'accord","2996","Féminin","Oui","","Oui","Employés","Non","Non","Bac+3"
"2020/05/31 2:57:48 PM UTC+2","Oui","4 - D'accord","3 - Ni en désaccord ni d'accord","4 - D'accord","3 - Ni en désaccord ni d'accord","1 - Pas du tout d'accord","1 - Pas du tout d'accord","2- Pas d'accord","2- Pas d'accord","3- Ni en désaccord ni d'accord","4- D'accord","4- D'accord","3- Ni en désaccord ni d'accord","3- Ni en désaccord ni d'accord","2- Pas d'accord","2- Pas d'accord","2- Pas d'accord","2- Pas d'accord","2- Pas d'accord","3- Ni en désaccord ni d'accord","Non","","","","","2- Pas d'accord","4- D'accord","4- D'accord","Formuler des hypothèses, opérationnaliser, faire un état de l’art, analyser, publier.","4- D'accord","1- Pas du tout d'accord","1991","Féminin","Oui","","Oui","Cadres et professions intellectuelles supérieures","Non","Non","Bac+5"
"2020/06/01 1:48:00 PM UTC+2","Oui","2 - Pas d'accord","4 - D'accord","3 - Ni en désaccord ni d'accord","4 - D'accord","2 - Pas d'accord","1 - Pas du tout d'accord","2- Pas d'accord","4- D'accord","1- Pas du tout d'accord","5- Tout à fait d'accord","4- D'accord","3- Ni en désaccord ni d'accord","2- Pas d'accord","3- Ni en désaccord ni d'accord","3- Ni en désaccord ni d'accord","3- Ni en désaccord ni d'accord","2- Pas d'accord","4- D'accord","4- D'accord","Oui","3- Un peu","4- Parfaitement","2- Pas du tout","2- Pas du tout","3- Ni en désaccord ni d'accord","4- D'accord","5- Tout à fait d'accord","Faire un état de l’art, Formuler des hypothèses, opérationnaliser, analyser, publier.","2- Pas d'accord","4- D'accord","1991","Masculin","Non","2","Oui","Employés","Non","Oui","Bac+3"
"2020/06/01 3:38:24 PM UTC+2","Oui","3 - Ni en désaccord ni d'accord","3 - Ni en désaccord ni d'accord","4 - D'accord","3 - Ni en désaccord ni d'accord","4 - D'accord","4 - D'accord","4- D'accord","3- Ni en désaccord ni d'accord","2- Pas d'accord","4- D'accord","4- D'accord","4- D'accord","4- D'accord","2- Pas d'accord","2- Pas d'accord","2- Pas d'accord","2- Pas d'accord","2- Pas d'accord","4- D'accord","Non","","","","","1- Pas du tout d'accord","4- D'accord","3- Ni en désaccord ni d'accord","Faire un état de l’art, Formuler des hypothèses, opérationnaliser, analyser, publier.","4- D'accord","1- Pas du tout d'accord","2996","Féminin","Oui","","Oui","Employés","Non","Non","Bac+3"
"2020/06/01 8:38:28 PM UTC+2","Oui","4 - D'accord","4 - D'accord","2 - Pas d'accord","4 - D'accord","2 - Pas d'accord","2 - Pas d'accord","4- D'accord","1- Pas du tout d'accord","2- Pas d'accord","3- Ni en désaccord ni d'accord","4- D'accord","2- Pas d'accord","4- D'accord","4- D'accord","1- Pas du tout d'accord","2- Pas d'accord","2- Pas d'accord","2- Pas d'accord","4- D'accord","Non","","","","","4- D'accord","5- Tout à fait d'accord","5- Tout à fait d'accord","Formuler des hypothèses, opérationnaliser, faire un état de l’art, analyser, publier.","4- D'accord","2- Pas d'accord","1998","Masculin","Oui","","Oui","Cadres et professions intellectuelles supérieures","Non","Non","Bac +4"
"2020/06/03 9:15:02 AM UTC+2","Oui","2 - Pas d'accord","4 - D'accord","3 - Ni en désaccord ni d'accord","4 - D'accord","3 - Ni en désaccord ni d'accord","2 - Pas d'accord","2- Pas d'accord","1- Pas du tout d'accord","5- Tout à fait d'accord","2- Pas d'accord","4- D'accord","4- D'accord","2- Pas d'accord","2- Pas d'accord","2- Pas d'accord","2- Pas d'accord","3- Ni en désaccord ni d'accord","4- D'accord","4- D'accord","Non","","","","","2- Pas d'accord","4- D'accord","4- D'accord","Je ne sais pas","4- D'accord","2- Pas d'accord","1993","Masculin","Oui","","Oui","Employés","Non","Non","BAC +2"
"2020/06/04 9:53:35 AM UTC+2","Oui","4 - D'accord","4 - D'accord","4 - D'accord","4 - D'accord","3 - Ni en désaccord ni d'accord","5 - Tout à fait d'accord","4- D'accord","4- D'accord","3- Ni en désaccord ni d'accord","2- Pas d'accord","4- D'accord","5- Tout à fait d'accord","5- Tout à fait d'accord","3- Ni en désaccord ni d'accord","3- Ni en désaccord ni d'accord","4- D'accord","3- Ni en désaccord ni d'accord","5- Tout à fait d'accord","4- D'accord","Oui","3- Un peu","3- Un peu","2- Pas du tout","3- Un peu","3- Ni en désaccord ni d'accord","4- D'accord","4- D'accord","Faire un état de l’art, Formuler des hypothèses, opérationnaliser, analyser, publier.","2- Pas d'accord","1- Pas du tout d'accord","1979","Féminin","Non","8 ans","Oui","Employés","Non","Oui","Bac+5"
"2020/06/05 5:05:02 PM UTC+2","Oui","4 - D'accord","2 - Pas d'accord","5 - Tout à fait d'accord","3 - Ni en désaccord ni d'accord","4 - D'accord","5 - Tout à fait d'accord","4- D'accord","2- Pas d'accord","3- Ni en désaccord ni d'accord","5- Tout à fait d'accord","4- D'accord","5- Tout à fait d'accord","4- D'accord","4- D'accord","4- D'accord","2- Pas d'accord","2- Pas d'accord","1- Pas du tout d'accord","3- Ni en désaccord ni d'accord","Non","","","","","2- Pas d'accord","5- Tout à fait d'accord","5- Tout à fait d'accord","Analyser, opérationnaliser, faire un état de l’art, publier, formuler des hypothèses.","2- Pas d'accord","2- Pas d'accord","1986","Féminin","Oui","","Oui","Employés","Oui","Oui","BAC +2"
"2020/06/05 5:19:31 PM UTC+2","Oui","3 - Ni en désaccord ni d'accord","4 - D'accord","3 - Ni en désaccord ni d'accord","4 - D'accord","3 - Ni en désaccord ni d'accord","4 - D'accord","4- D'accord","2- Pas d'accord","4- D'accord","2- Pas d'accord","4- D'accord","4- D'accord","4- D'accord","3- Ni en désaccord ni d'accord","4- D'accord","3- Ni en désaccord ni d'accord","3- Ni en désaccord ni d'accord","4- D'accord","4- D'accord","Oui","4- Parfaitement","3- Un peu","2- Pas du tout","3- Un peu","4- D'accord","4- D'accord","3- Ni en désaccord ni d'accord","Formuler des hypothèses, opérationnaliser, faire un état de l’art, analyser, publier.;Analyser, opérationnaliser, faire un état de l’art, publier, formuler des hypothèses.","4- D'accord","2- Pas d'accord","1986","Masculin","Oui","","Oui","Cadres et professions intellectuelles supérieures","Non","Oui","BAC +2"
"2020/06/07 9:55:09 PM UTC+2","Oui","2 - Pas d'accord","4 - D'accord","4 - D'accord","2 - Pas d'accord","2 - Pas d'accord","2 - Pas d'accord","2- Pas d'accord","5- Tout à fait d'accord","5- Tout à fait d'accord","1- Pas du tout d'accord","4- D'accord","3- Ni en désaccord ni d'accord","5- Tout à fait d'accord","1- Pas du tout d'accord","1- Pas du tout d'accord","1- Pas du tout d'accord","2- Pas d'accord","2- Pas d'accord","5- Tout à fait d'accord","Oui","4- Parfaitement","4- Parfaitement","4- Parfaitement","4- Parfaitement","5- Tout à fait d'accord","5- Tout à fait d'accord","5- Tout à fait d'accord","Faire un état de l’art, Formuler des hypothèses, opérationnaliser, analyser, publier.;Formuler des hypothèses, opérationnaliser, faire un état de l’art, analyser, publier.;Analyser, faire un état de l’art, opérationnaliser, publier, formuler des hypothèses.;Analyser, opérationnaliser, faire un état de l’art, publier, formuler des hypothèses.","5- Tout à fait d'accord","5- Tout à fait d'accord","1958","Masculin","Oui","","Oui","Cadres et professions intellectuelles supérieures","Oui","Non","Bac+8"
"2020/06/08 1:43:57 PM UTC+2","Oui","4 - D'accord","2 - Pas d'accord","5 - Tout à fait d'accord","3 - Ni en désaccord ni d'accord","5 - Tout à fait d'accord","1 - Pas du tout d'accord","5- Tout à fait d'accord","1- Pas du tout d'accord","3- Ni en désaccord ni d'accord","4- D'accord","4- D'accord","5- Tout à fait d'accord","5- Tout à fait d'accord","1- Pas du tout d'accord","5- Tout à fait d'accord","4- D'accord","1- Pas du tout d'accord","1- Pas du tout d'accord","1- Pas du tout d'accord","Oui","3- Un peu","3- Un peu","4- Parfaitement","2- Pas du tout","1- Pas du tout d'accord","4- D'accord","4- D'accord","Je ne sais pas","5- Tout à fait d'accord","1- Pas du tout d'accord","1997","Masculin","Oui","","Oui","Cadres et professions intellectuelles supérieures","Non","Non","Bac+3"
"2020/06/10 3:55:59 PM UTC+2","Oui","3 - Ni en désaccord ni d'accord","3 - Ni en désaccord ni d'accord","2 - Pas d'accord","4 - D'accord","3 - Ni en désaccord ni d'accord","4 - D'accord","4- D'accord","2- Pas d'accord","4- D'accord","3- Ni en désaccord ni d'accord","3- Ni en désaccord ni d'accord","4- D'accord","4- D'accord","4- D'accord","3- Ni en désaccord ni d'accord","2- Pas d'accord","3- Ni en désaccord ni d'accord","2- Pas d'accord","2- Pas d'accord","Oui","3- Un peu","2- Pas du tout","3- Un peu","2- Pas du tout","2- Pas d'accord","4- D'accord","4- D'accord","Formuler des hypothèses, opérationnaliser, faire un état de l’art, analyser, publier.","3- Ni en désaccord ni d'accord","2- Pas d'accord","1994","Masculin","Oui","","Oui","Cadres et professions intellectuelles supérieures","Non","Non","Bac+5"